Ndata,POP_SIZE,framework,avg_ms,speedup,label
1000,32,OpenMP,2344.0,7.741467576791809,OpenMP
1000,64,OpenMP,4352.0,8.335477941176471,OpenMP
1000,128,OpenMP,8861.0,8.350411917390813,OpenMP
1000,32,OpenCL,1216.0,14.922697368421053,OpenCL
1000,64,OpenCL,2307.0,15.724317295188557,OpenCL
1000,128,OpenCL,4696.0,15.75660136286201,OpenCL
1000,32,CUDA,1276.0,14.221003134796238,CUDA
1000,64,CUDA,2388.0,15.190954773869347,CUDA
1000,128,CUDA,4646.0,15.926173052087817,CUDA
