Ndata,POP_SIZE,framework,avg_ms,speedup,label
1000,32,OpenMP,2157.0,8.412610106629579,OpenMP
1000,64,OpenMP,4108.0,8.830574488802338,OpenMP
1000,128,OpenMP,7170.0,10.319804741980475,OpenMP
1000,32,OpenCL,1216.0,14.922697368421053,OpenCL
1000,64,OpenCL,2307.0,15.724317295188557,OpenCL
1000,128,OpenCL,4696.0,15.75660136286201,OpenCL
1000,32,CUDA,1276.0,14.221003134796238,CUDA
1000,64,CUDA,2388.0,15.190954773869347,CUDA
1000,128,CUDA,4646.0,15.926173052087817,CUDA
